Secteur,Nom,Date création,Adresse,Code postal,Ville,Département,Téléphone,Email,Site web,SIREN,NAF
"Entretien corporel (spa, hammam...)",KAIRE,2025-11-06,28 AVENUE DE GRANDCHAMP 78230 LE PECQ,78230,LE PECQ,78,,,,993651439,96.04Z
Soins de beauté / esthétique,CLEARUP PARIS,2025-11-02,8 RUE DU FORT SUISSE 59380 QUAEDYPRE,59380,QUAEDYPRE,59,,,,992944934,96.02B
Coiffure,VIRGILE,2025-06-30,ZA DU ROUDIER 2 AVENUE GABRIELLE CHANEL 24110 SAINT-ASTIER,24110,SAINT-ASTIER,24,,,,988993994,96.02A
Coiffure,KING AND QUEEN INTERNATIONAL LLC,2025-06-10,1209 MOUNTAIN ROAD PL NE STE N NM 87110  ALBUQUERQUE ETATS-UNIS,NM 87110,,,,,,944600832,96.02A
Soins de beauté / esthétique,FRENCH BEAUTY SERVICES,2025-04-15,74 RUE DE ROME 75008 PARIS,75008,PARIS,75,,,,943834952,96.02B
Soins de beauté / esthétique,MIREVAS,2025-04-11,61 RUE DE LYON 75012 PARIS,75012,PARIS,75,,,,943676122,96.02B
"Entretien corporel (spa, hammam...)",THAI SIAM SPA,2025-03-01,LES SALINES BAT I 09 RUE FRANCOIS PIETRI 20090 AJACCIO,20090,AJACCIO,2A,,,,941112062,96.04Z
Coiffure,BRODA BARBERSHOP,2025-01-01,7 CHEMIN DE LA MOULIERE 31620 CASTELNAU-D'ESTRETEFONDS,31620,CASTELNAU-D'ESTRETEFONDS,31,,,,100480086,96.02A
"Entretien corporel (spa, hammam...)",AISSAM BOUSSAHA,2025-01-01,8 AVENUE VICTOR HUGO 38130 ECHIROLLES,38130,ECHIROLLES,38,,,,939873550,96.04Z
"Entretien corporel (spa, hammam...)",CINDY CASSARD,2024-12-12,84 B AVENUE DES SALINES 44500 LA BAULE-ESCOUBLAC,44500,LA BAULE-ESCOUBLAC,44,,,,938522729,96.04Z
Coiffure,COLIN VAUTIER COIFFEUR (COLIN-VAUTIER),2024-11-07,CENTRE COMMERCIAL COTE DE NACRE 1 BOULEVARD MARECHAL JUIN 14000 CAEN,14000,CAEN,14,,,,935135491,96.02A
Soins de beauté / esthétique,6T-O&B,2024-09-01,14 RUE D'AUBUISSON 31000 TOULOUSE,31000,TOULOUSE,31,,,,933285017,96.02B
Soins de beauté / esthétique,LASER 26&CO,2024-06-04,384 RUE PARADIS 13008 MARSEILLE,13008,MARSEILLE,13,,,,930833546,96.02B
"Entretien corporel (spa, hammam...)",LUXURY NATURE,2024-05-27,23 RUE D'ANTIBES 06400 CANNES,06400,CANNES,06,,,,929236099,96.04Z
Soins de beauté / esthétique,ANNE-SOPHIE SUFFYS (GOUTANT) (COTE BIEN ETRE),2024-05-01,LANCIATOJO 141 ALLEE DES MIMOSAS 20290 BORGO,20290,BORGO,2B,,,,927441444,96.02B
"Entretien corporel (spa, hammam...)",SAO ZEN,2024-03-11,2 RUE DE LA FONTAINE ROUGE 77700 CHESSY,77700,CHESSY,77,,,,987436896,96.04Z
Soins de beauté / esthétique,APEX,2024-02-06,7 IMPASSE DES HAUTS DE LA MIGNONNE 29460 DAOULAS,29460,DAOULAS,29,,,,984334706,96.02B
"Entretien corporel (spa, hammam...)",NAMA SPA ALPES,2023-11-07,28 AVENUE DE GRANDCHAMP 78230 LE PECQ,78230,LE PECQ,78,,,,981609126,96.04Z
"Entretien corporel (spa, hammam...)",RELAX THAI INSTITUT,2023-10-06,AMY CENTER 60 IMPASSE DE FONT ROUBERT 06250 MOUGINS,06250,MOUGINS,06,,,,980469696,96.04Z
Soins de beauté / esthétique,BODYLIFT CLINIQUE,2023-09-25,14 RUE NOCARD 94220 CHARENTON LE PONT,94220,CHARENTON LE PONT,94,,,,980126569,96.02B
Soins de beauté / esthétique,ANTICA,2023-08-01,13 AVENUE PIERRE II D’ARAGON 31600 MURET,31600,MURET,31,,,,978946648,96.02B
Coiffure,NGRIOM,2023-03-09,2 PLACE NOTRE-DAME 03100 MONTLUCON,03100,MONTLUCON,03,,,,949704217,96.02A
"Entretien corporel (spa, hammam...)",CORINE ROCHETON (ROCHETON) (SOIN DE SOI),2023-02-01,LES MAS DU LEVANT 21 201 AVENUE DE LA VIGIE 83240 CAVALAIRE-SUR-MER,83240,CAVALAIRE-SUR-MER,83,,,,948332515,96.04Z
"Entretien corporel (spa, hammam...)",CAROLE VAILLANT (VAILLANT) (ESPACE DE SOIN CAROLE VAILLANT),2023-02-01,7 RUE DE LA HURTAUDERIE 37140 CHOUZE-SUR-LOIRE,37140,CHOUZE-SUR-LOIRE,37,,,,948497904,96.04Z
"Entretien corporel (spa, hammam...)",MYO BODY (MYO BODY),2023-01-11,2316 ROUTE DE REMIRE 97354 REMIRE-MONTJOLY,97354,REMIRE-MONTJOLY,973,,,,948044219,96.04Z
"Entretien corporel (spa, hammam...)",LUXURY SUN,2023-01-02,6 RUE DU LANTISSARGUES 34070 MONTPELLIER,34070,MONTPELLIER,34,,,,922444120,96.04Z
"Entretien corporel (spa, hammam...)",SUMMER SUN,2022-12-01,83 AVENUE SIMON BOLIVAR 75019 PARIS,75019,PARIS,75,,,,947894929,96.04Z
Coiffure,NGLIMOGES,2022-05-13,2 PLACE NOTRE-DAME 03100 MONTLUCON,03100,MONTLUCON,03,,,,913653416,96.02A
Soins de beauté / esthétique,LASER 26,2022-04-14,384 RUE PARADIS 13008 MARSEILLE,13008,MARSEILLE,13,,,,912620861,96.02B
Soins de beauté / esthétique,CLINIC 26,2022-04-14,20 ALL CAMILLE BORGHESE 13080 AIX EN PROVENCE,13080,AIX EN PROVENCE,13,,,,912534757,96.02B
"Entretien corporel (spa, hammam...)",SYLVIE MARIE PRADE (RICHART) (SYLVIE MASSAGES),2022-04-07,MAS SELLIER 425 CHEMIN DU VAQUIER 30330 SAINT-ANDRE-D'OLERARGUES,30330,SAINT-ANDRE-D'OLERARGUES,30,,,,912351558,96.04Z
Coiffure,QUATORZE (DOUBLE SIX),2022-03-16,11 B RUE LORD BYRON 75008 PARIS,75008,PARIS,75,,,,911647568,96.02A
Soins de beauté / esthétique,EPILHOUSE,2022-01-14,104 AVENUE GAMBETTA 93170 BAGNOLET,93170,BAGNOLET,93,,,,909212789,96.02B
Coiffure,COIFFURE 08,2021-10-22,23 RUE GAMBETTA 08200 SEDAN,08200,SEDAN,08,,,,905066809,96.02A
Soins de beauté / esthétique,CRLAB FRANCE,2021-10-13,13 RUE DU CURE SAINT-ETIENNE 59800 LILLE,59800,LILLE,59,,,,904415379,96.02B
Soins de beauté / esthétique,VICTORIA'S BEAUTY,2021-08-27,60 RUE FRANCOIS IER 75008 PARIS,75008,PARIS,75,,,,902830611,96.02B
"Entretien corporel (spa, hammam...)",BEAUTY WELLNESS CENTER AND SPA (BEAUTY AND BODY PARADISE) (BWCS),2021-08-25,22 RUE DES TULIPES 97122 BAIE-MAHAULT,97122,BAIE-MAHAULT,971,,,,903311488,96.04Z
"Entretien corporel (spa, hammam...)",KA BEAUTY AND SCULPT,2021-08-16,6 RUE DE CHATILLON 92140 CLAMART,92140,CLAMART,92,,,,902100445,96.04Z
"Entretien corporel (spa, hammam...)",GENESTSANTE,2021-05-17,47 RUE GABRIELLE BRUNET 54510 TOMBLAINE,54510,TOMBLAINE,54,,,,899336614,96.04Z
Soins de beauté / esthétique,TRIMEO,2021-03-01,17 RUE JEAN LAURENT 78110 LE VESINET,78110,LE VESINET,78,,,,894574664,96.02B
Soins de beauté / esthétique,SOLAL CAPITAL,2021-02-18,5 RUE DE LA TRESORERIE SAINT-SYLVAIN D 49112 VERRIERES-EN-ANJOU,49112,VERRIERES-EN-ANJOU,49,,,,894245695,96.02B
"Entretien corporel (spa, hammam...)",SOCIETE D'EXPLOITATION DES THERMES D'AMNEVILLE,2021-02-04,BOIS DE COULANGE 57360 AMNEVILLE,57360,AMNEVILLE,57,,,,893726547,96.04Z
"Entretien corporel (spa, hammam...)",COTE DE FER,2021-01-25,30 RUE DU BASTON 62930 WIMEREUX,62930,WIMEREUX,62,,,,893501593,96.04Z
Soins de beauté / esthétique,SIMA,2021-01-21,14 RUE FRANCOIS GUISOL 06300 NICE,06300,NICE,06,,,,909043812,96.02B
"Entretien corporel (spa, hammam...)",MICHAEL CLOP (MICHAEL KLOP),2021-01-01,174 RUE DE GRENELLE 75007 PARIS,75007,PARIS,75,,,,895391373,96.04Z
"Entretien corporel (spa, hammam...)",ROYAT THERMOTONIC,2021-01-01,HOTEL DE VILLE 46 BOULEVARD BARRIEU 63130 ROYAT,63130,ROYAT,63,,,,892769001,96.04Z
Coiffure,PG HAIR,2020-12-30,880 ROUTE DE CHAROLS 26160 SAINT-GERVAIS-SUR-ROUBION,26160,SAINT-GERVAIS-SUR-ROUBION,26,,,,892706045,96.02A
"Entretien corporel (spa, hammam...)",ZENSEVE,2020-10-20,6 RUE D'ARMAILLE 75017 PARIS,75017,PARIS,75,,,,890579469,96.04Z
Soins de beauté / esthétique,MAMITA CORP,2020-09-01,11 RUE VOLTAIRE 95320 SAINT-LEU-LA-FORET,95320,SAINT-LEU-LA-FORET,95,,,,889976346,96.02B
Coiffure,MCC BARBERSHOPS,2020-08-07,22 RUE DU PRESIDENT WILSON 59140 DUNKERQUE,59140,DUNKERQUE,59,,,,888616182,96.02A
"Entretien corporel (spa, hammam...)",MAUD MOAL (PAUSE COCOON & BIEN-ETRE),2020-08-07,6 RUE JEAN JAURES 07600 VALS-LES-BAINS,07600,VALS-LES-BAINS,07,,,,887988970,96.04Z
Soins de beauté / esthétique,MUSE,2020-07-21,36 RUE SAINT-MARC 75002 PARIS,75002,PARIS,75,,,,885330787,96.02B
Coiffure,MIDO HAIR,2020-07-07,2 AV DU MAL DE LATTRE DE TASSIGNY 79400 SAINT-MAIXENT-L'ECOLE,79400,SAINT-MAIXENT-L'ECOLE,79,,,,885092510,96.02A
Soins de beauté / esthétique,BELLE O NATUREL,2020-04-08,95 RUE DES MARTYRS 75018 PARIS,75018,PARIS,75,,,,882914880,96.02B
Coiffure,BM 5 (BARBER MEN),2020-02-18,BATIMENT A 1421 AVENUE DES PLATANES 34970 LATTES,34970,LATTES,34,,,,882016744,96.02A
"Entretien corporel (spa, hammam...)",SOMTHIP KRISTOF (CHALOONPINYOSAWAT),2020-02-07,8 ESPLANADE DES BELGES 13500 MARTIGUES,13500,MARTIGUES,13,,,,881461107,96.04Z
Soins de beauté / esthétique,A2G,2020-01-08,14 RUE FRANCOIS GUISOL 06300 NICE,06300,NICE,06,,,,880392089,96.02B
"Entretien corporel (spa, hammam...)",FITSF,2019-11-22,21 LOTISSEMENT BEL AIR 97280 LE VAUCLIN,97280,LE VAUCLIN,972,,,,879825297,96.04Z
"Entretien corporel (spa, hammam...)",MY LASER CENTER,2019-07-24,8 SQUARE DU PONT DE SEVRES 92100 BOULOGNE-BILLANCOURT,92100,BOULOGNE-BILLANCOURT,92,,,,853424315,96.04Z
Soins de beauté / esthétique,THAI BIEN ETRE (THAI BIEN ETRE),2019-05-13,56 RUE DE LA CHARITE 69002 LYON,69002,LYON,69,,,,850815002,96.02B
Soins de beauté / esthétique,RIVASUN (RIVA SUN),2019-02-11,62 AVENUE DE LA MER 14150 OUISTREHAM,14150,OUISTREHAM,14,,,,848237970,96.02B
Soins de beauté / esthétique,CHIC NAILS,2019-01-17,LES DEMEURES MONCLAR - LES MILLES 32 AV MARCEL ROCHE 13080 AIX EN PROVENCE,13080,AIX EN PROVENCE,13,,,,849820337,96.02B
Soins de beauté / esthétique,DT SUCC,2019-01-16,CALIFORNIA PARK 196 AVENUE DE LA CALIFORNIE 06200 NICE,06200,NICE,06,,,,849198247,96.02B
Soins de beauté / esthétique,ESCALE BEAUTE,2018-12-13,279 CHEMIN DES DROGEAUX 38330 SAINT-NAZAIRE-LES-EYMES,38330,SAINT-NAZAIRE-LES-EYMES,38,,,,844820910,96.02B
Coiffure,BCF,2018-12-06,CC JAS DE BOUFFAN LOCAL S48 210 AVENUE DE BREDASQUE 13090 AIX-EN-PROVENCE,13090,AIX-EN-PROVENCE,13,,,,844432245,96.02A
Soins de beauté / esthétique,L'INSTITUT - T,2018-11-23,22 RUE DU CHATEAU D’EAU 95650 BOISSY-L'AILLERIE,95650,BOISSY-L'AILLERIE,95,,,,844375089,96.02B
Soins de beauté / esthétique,AU BOUT DES ONGLES,2018-11-06,ZAC CANABADY 1 AVENUE DES OCEANITES 97410 SAINT-PIERRE,97410,SAINT-PIERRE,974,,,,843337205,96.02B
Coiffure,BARBER LYONNAIS,2018-10-25,163 BOULEVARD DE L'ARIANE 06300 NICE,06300,NICE,06,,,,843608837,96.02A
Soins de beauté / esthétique,TOOTAY,2018-10-05,CENTRE COMMERCIAL LE MOULIN A VENT 2 ROUTE DE DAUX 31700 MONDONVILLE,31700,MONDONVILLE,31,,,,843089707,96.02B
"Entretien corporel (spa, hammam...)",LA PLACE,2018-09-17,WOODEN PARK 4 RUE DE LISBONNE 67300 SCHILTIGHEIM,67300,SCHILTIGHEIM,67,,,,842497729,96.04Z
Coiffure,SUDION,2018-09-10,23 CHEMIN DU PETIT VERSA 56860 SENE,56860,SENE,56,,,,842209165,96.02A
Coiffure,CHRISTOPHER MARIE,2018-08-15,[NON-DIFFUSIBLE],[NON-DIFFUSIBLE],LOIRE-AUTHION,49,,,,841617756,96.02A
Soins de beauté / esthétique,RUN EPIL SUD,2018-08-07,61-63 RUE HUBERT DELISLE 97430 LE TAMPON,97430,LE TAMPON,974,,,,844967695,96.02B
"Entretien corporel (spa, hammam...)",CENTRE DE LIPOCRYOLISE ET ESTHETIQUE DE MARTINIQUE (C.L.E.M),2018-08-01,68 AVENUE FRANCOIS VOLTAIRE 97300 CAYENNE,97300,CAYENNE,973,,,,841773856,96.04Z
Soins de beauté / esthétique,MJ ESTHETIC,2018-07-12,5 RUE DU DOCTEUR POTTEVIN 82100 CASTELSARRASIN,82100,CASTELSARRASIN,82,,,,841023039,96.02B
Coiffure,EVOCOIFF,2018-05-14,17 RUE DE LA PAIX 59760 GRANDE-SYNTHE,59760,GRANDE-SYNTHE,59,,,,839842879,96.02A
Soins de beauté / esthétique,BEAUTE 3F,2018-05-01,3 RUE DU TEMPLE 68300 SAINT-LOUIS,68300,SAINT-LOUIS,68,,,,839766268,96.02B
Coiffure,SKALPER'S,2018-04-02,45 RUE GEORGES CLEMENCEAU 63000 CLERMONT-FERRAND,63000,CLERMONT-FERRAND,63,,,,837988369,96.02A
Coiffure,KMS BARBER,2018-03-05,RES ESPACE CAP 4 RUE FRANCOIS LEGALLAIS 33260 LA TESTE-DE-BUCH,33260,LA TESTE-DE-BUCH,33,,,,838787356,96.02A
"Entretien corporel (spa, hammam...)",JUST BODYFIT (JUST BODYFIT),2018-03-01,3 RUE DU FORT 67118 GEISPOLSHEIM,67118,GEISPOLSHEIM,67,,,,838164994,96.04Z
"Entretien corporel (spa, hammam...)",SPORT IMPULSE (SPORT IMPULSE),2018-02-15,12 RUE LAVOISIER 75008 PARIS,75008,PARIS,75,,,,835368770,96.04Z
"Entretien corporel (spa, hammam...)",RIENAFISH,2018-01-26,15 RUE LOUIS BLANC 34500 BEZIERS,34500,BEZIERS,34,,,,837626894,96.04Z
"Entretien corporel (spa, hammam...)",WELL BEING YVES LAMORELLE (MALI THAI INSTITUT),2017-12-15,ILOT 24 62 AVENUE ROBERT SCHUMAN 13002 MARSEILLE,13002,MARSEILLE,13,,,,834050106,96.04Z
"Entretien corporel (spa, hammam...)",LA NOUVELLE PALME D'OR (LA NOUVELLE PALME D'OR),2017-10-05,26 RUE DE L'ACADEMIE 13001 MARSEILLE,13001,MARSEILLE,13,,,,832468516,96.04Z
Coiffure,LA BARBE DE PAPA SUD,2017-07-31,BAT.A 3 BOULEVARD DE CLAIRFONT 66350 TOULOUGES,66350,TOULOUGES,66,,,,831266036,96.02A
Soins de beauté / esthétique,CHOCO VANILLE - INSTITUT DE BEAUTE (CHOCO VANILLE - INSTITUT DE BEAUTE),2017-06-01,DUPARC 52 RUE LOUIS LAGOURGUE 97438 SAINTE-MARIE,97438,SAINTE-MARIE,974,,,,829691419,96.02B
"Entretien corporel (spa, hammam...)",JORIS CONQUET (MASSAGE SUEDOIS STRASBOURG PAR JORIS C.),2017-06-01,16 RUE EDMOND MICHELET 67100 STRASBOURG,67100,STRASBOURG,67,,,,829987973,96.04Z
Coiffure,LA BARBE DE PAPA OUEST,2017-05-17,BAT A 3 BOULEVARD DE CLAIRFONT 66350 TOULOUGES,66350,TOULOUGES,66,,,,829734961,96.02A
Coiffure,STAFF'HAIR (CAROLYN'COIFFURE),2017-03-14,4 RUE DE L'EGLISE 68850 STAFFELFELDEN,68850,STAFFELFELDEN,68,,,,828565549,96.02A
Coiffure,FERNANDO,2017-02-01,3 RUE DU MARCHE 02340 CHAOURSE,02340,CHAOURSE,02,,,,825376981,96.02A
Soins de beauté / esthétique,PARIS NAILS,2016-12-01,20 B BOULEVARD VOLTAIRE 75011 PARIS,75011,PARIS,75,,,,824205819,96.02B
"Entretien corporel (spa, hammam...)",PARADISE (PARADISE),2016-11-28,CHEZ BUSINESS SERVICE COMPANY BAL 3 420 CLOS DE LA COURTINE 93160 NOISY-LE-GRAND,93160,NOISY-LE-GRAND,93,,,,824069207,96.04Z
"Entretien corporel (spa, hammam...)",SUKANYA (SUKANYA),2016-11-25,26 AVENUE DE LA REINE VICTORIA 64200 BIARRITZ,64200,BIARRITZ,64,,,,823956727,96.04Z
Soins de beauté / esthétique,MJB,2016-11-09,14 RUE FRANCOIS GUISOL 06300 NICE,06300,NICE,06,,,,823676788,96.02B
Soins de beauté / esthétique,L'ATELIER VERNIS,2016-11-02,12 RUE DE LA DIME 13910 MAILLANE,13910,MAILLANE,13,,,,823513320,96.02B
Soins de beauté / esthétique,ISABELLE BEAUTE,2016-09-26,3 AVENUE DU MARECHAL VILLARS 77300 FONTAINEBLEAU,77300,FONTAINEBLEAU,77,,,,822746962,96.02B
Coiffure,MAXETCOMPAGNIE,2016-09-15,PLACE ALEXANDRE MAUDUIT 14320 SAINT-ANDRE-SUR-ORNE,14320,SAINT-ANDRE-SUR-ORNE,14,,,,822947149,96.02A
"Entretien corporel (spa, hammam...)",AMELIE POSAS,2016-09-01,127 CHEMIN DU CHALET 13126 VAUVENARGUES,13126,VAUVENARGUES,13,,,,851034595,96.04Z
Soins de beauté / esthétique,CELINE BIDAUX (QIPAO BEAUTY),2016-08-16,35 RUE GUILLAUME LE CONQUERANT 14000 CAEN,14000,CAEN,14,,,,821643145,96.02B
"Entretien corporel (spa, hammam...)",EVANESCENCE,2016-07-18,11 RUE HONORE PICON 33100 BORDEAUX,33100,BORDEAUX,33,,,,821746385,96.04Z
Soins de beauté / esthétique,CENTRE WETTA (CENTRE WETTA),2016-05-23,27 RUE SCHWEIGHAEUSER 67000 STRASBOURG,67000,STRASBOURG,67,,,,820933208,96.02B
Coiffure,COIFFURE AUTREMENT,2016-05-09,6 SQ DU COLLEGE CHAPUISIEN 74000 ANNECY,74000,ANNECY,74,,,,820203610,96.02A
Soins de beauté / esthétique,ASSA TRAORE (MY JOLYESS),2016-05-07,9 RUE DES FAUVETTES 91450 SOISY-SUR-SEINE,91450,SOISY-SUR-SEINE,91,,,,824692412,96.02B
Coiffure,LA BARBE DE PAPA 2,2016-03-24,3 BD CLAIRFONT BAT.A 66350 TOULOUGES,66350,TOULOUGES,66,,,,819283383,96.02A
"Entretien corporel (spa, hammam...)",MB FIT&FORM,2016-03-16,11 ALLEE RODIN 76620 LE HAVRE,76620,LE HAVRE,76,,,,819395781,96.04Z
Soins de beauté / esthétique,ELSA BABOLAT (DALLE RIVE) (ELSA CILS ELSA DERMO),2016-02-29,881 ROCADE DES PLAYES 83140 SIX-FOURS-LES-PLAGES,83140,SIX-FOURS-LES-PLAGES,83,,,,818794109,96.02B
Soins de beauté / esthétique,SAS BAB (SAS BAB),2016-02-11,16 RUE DES ARPENTS 76000 ROUEN,76000,ROUEN,76,,,,818388332,96.02B
Coiffure,INTPL,2015-11-01,14 RUE DE LA REMISE DES LILAS 60500 VINEUIL-SAINT-FIRMIN,60500,VINEUIL-SAINT-FIRMIN,60,,,,814555611,96.02A
"Entretien corporel (spa, hammam...)",SPA BY B,2015-10-07,VAL THORENS LES PIONNIERS NUMERO 33 73440 LES BELLEVILLE,73440,LES BELLEVILLE,73,,,,814176681,96.04Z
"Entretien corporel (spa, hammam...)",DEEP NATURE PREMIUM (DEEP NATURE PREMIUM),2015-09-15,VALLEE CHAMONIX MONT BLANC 1000 ROUTE DES CHAVANTS 74310 LES HOUCHES,74310,LES HOUCHES,74,,,,814072179,96.04Z
Soins de beauté / esthétique,NELLY PASA (NELLY PASA),2015-09-01,LD LE MARQUISAT 32600 L'ISLE-JOURDAIN,32600,L'ISLE-JOURDAIN,32,,,,813785706,96.02B
Soins de beauté / esthétique,NOO,2015-05-16,15 RUE FIZEAU 75015 PARIS,75015,PARIS,75,,,,811543313,96.02B
Coiffure,GH2015,2015-04-24,265 CHEMIN DE PEFOURQUE 82000 MONTAUBAN,82000,MONTAUBAN,82,,,,811104017,96.02A
Coiffure,TRIO,2015-04-01,22 RUE BREZIN 75014 PARIS,75014,PARIS,75,,,,809953441,96.02A
Soins de beauté / esthétique,ADS DC (ADS DC),2015-04-01,13 RUE NOTRE-DAME DE NAZARETH 75003 PARIS,75003,PARIS,75,,,,810429134,96.02B
Coiffure,NGBOURGES,2015-03-20,CENTRE COMMERCIAL AVARICUM 6 AVENUE DE PETERBOROUGH 18000 BOURGES,18000,BOURGES,18,,,,810784983,96.02A
Coiffure,ASSOCIATION SALON DE COIFURE SOLIDAIRE (SALON DE COIFFURE SOLIDAIRE) (SCS),2015-01-01,SHOPPING CENTER BAT B N 14 LE RAIZET 97139 LES ABYMES,97139,LES ABYMES,971,,,,828118133,96.02A
Coiffure,BARBER MEN (BARBER MEN),2014-12-09,CC AUCHAN RTE DE CARNON 34470 PEROLS,34470,PEROLS,34,,,,808858229,96.02A
Soins de beauté / esthétique,VIKTORIYA ISHCHENKO (VICTORIA COIFFURE),2014-12-01,9 RUE SAINTE-CECILE 57950 MONTIGNY-LES-METZ,57950,MONTIGNY-LES-METZ,57,,,,807589114,96.02B
"Entretien corporel (spa, hammam...)",MEISO (MEISO),2014-12-01,51 BOULEVARD DE LA CHAPELLE 75010 PARIS,75010,PARIS,75,,,,808450449,96.04Z
Coiffure,LMBP (LES MAITRES BARBIERS PERRUQUIERS),2014-11-01,3 RUE DES APENNINS 75017 PARIS,75017,PARIS,75,,,,807416524,96.02A
"Entretien corporel (spa, hammam...)",ADELINE HELENE GUERIN (UJEVIC),2014-10-01,206 ROUTE DE CHAMP FARCON 74370 ARGONAY,74370,ARGONAY,74,,,,805049095,96.04Z
"Entretien corporel (spa, hammam...)",ACTIVIUM,2014-09-17,13 QUAI DU COMMERCE 69009 LYON,69009,LYON,69,,,,804975472,96.04Z
"Entretien corporel (spa, hammam...)",NICOLAS ZOLENDZEWSKI,2014-06-01,75 BOULEVARD KELLERMANN 75013 PARIS,75013,PARIS,75,,,,802588277,96.04Z
"Entretien corporel (spa, hammam...)",MILA EVENTS (COMME UN POISSON DANS L'O),2014-05-18,11 BD CAPITAINE ESPINADEL 34350 VALRAS-PLAGE,34350,VALRAS-PLAGE,34,,,,803337203,96.04Z
Soins de beauté / esthétique,MOI JE,2014-05-16,14 RUE FRANCOIS GUISOL 06300 NICE,06300,NICE,06,,,,802440339,96.02B
Soins de beauté / esthétique,LAETITIA JACINTO (ROLLAND),2014-02-05,35 B AVENUE FOCH 57730 FOLSCHVILLER,57730,FOLSCHVILLER,57,,,,800158156,96.02B
Coiffure,ALP,2013-12-10,63 RUE D’ANJOU 78000 VERSAILLES,78000,VERSAILLES,78,,,,799023163,96.02A
Soins de beauté / esthétique,RUN NAIL,2013-10-21,55 RUE DES NAVIGATEURS 97434 SAINT-PAUL,97434,SAINT-PAUL,974,,,,798554929,96.02B
Soins de beauté / esthétique,FRANCE BEAUTE INSTITUT,2013-10-01,47 RUE CHAUSSADE 43260 SAINT-JULIEN-CHAPTEUIL,43260,SAINT-JULIEN-CHAPTEUIL,43,,,,798015608,96.02B
Coiffure,FINANCIERE LUCIE,2013-09-10,4 AVENUE PIERRE IER DE SERBIE 75116 PARIS,75116,PARIS,75,,,,795308436,96.02A
"Entretien corporel (spa, hammam...)",MGVH,2013-09-06,19 RUE DE WOLFISHEIM 67810 HOLTZHEIM,67810,HOLTZHEIM,67,,,,795313303,96.04Z
"Entretien corporel (spa, hammam...)",SYLVIE NEDELEC (L'ALBIZIA),2013-09-01,8 CHEMIN DE FRANCOY 64160 MORLAAS,64160,MORLAAS,64,,,,795044254,96.04Z
Soins de beauté / esthétique,JENNIFER TOLY (TOMBO),2013-06-01,27 RUE DU CINEMA ALPAJOE 97600 MAMOUDZOU,97600,MAMOUDZOU,976,,,,793251448,96.02B
Soins de beauté / esthétique,LAURE ESTHETIQUE,2013-04-29,55 RTE 820 31790 SAINT-JORY,31790,SAINT-JORY,31,,,,793046806,96.02B
Coiffure,FABIEN GARDES (BRODA BARBERSHOP),2013-04-12,93 RUE DE LA REPUBLIQUE 31330 GRENADE,31330,GRENADE,31,,,,791748205,96.02A
"Entretien corporel (spa, hammam...)",SEVERINE LECOCQ,2013-04-03,48 BOULEVARD DE LA LIBERTE 59800 LILLE,59800,LILLE,59,,,,792218091,96.04Z
Soins de beauté / esthétique,ADS LES ATELIERS,2013-02-22,87 RUE REAUMUR 75002 PARIS,75002,PARIS,75,,,,792129140,96.02B
Coiffure,ISIA SALONS,2012-11-21,104 AVENUE CHARLES DE GAULLE 92200 NEUILLY-SUR-SEINE,92200,NEUILLY-SUR-SEINE,92,,,,789531308,96.02A
Coiffure,MOURAD EL YAACOUBI,2012-10-15,10 B AVENUE DE LA LIBERATION 04200 SISTERON,04200,SISTERON,04,,,,788842359,96.02A
Soins de beauté / esthétique,EDC SPA MANAGEMENT,2012-09-06,805 RUE DE ROCHE COLOMBE 26800 ETOILE-SUR-RHONE,26800,ETOILE-SUR-RHONE,26,,,,753642560,96.02B
"Entretien corporel (spa, hammam...)",SNOW PARIS,2012-07-25,VALLEE DE CHAMONIX-MONT-BLANC 1000 ROUTE DES CHAVANTS 74310 LES HOUCHES,74310,LES HOUCHES,74,,,,753310556,96.04Z
"Entretien corporel (spa, hammam...)",SARL AQUA MOOD (ATELIER MOOD),2012-07-12,9 RUE D'ABOUKIR 75002 PARIS,75002,PARIS,75,,,,752697110,96.04Z
Soins de beauté / esthétique,ADS ED,2012-05-09,43 BOULEVARD LAZARE CARNOT 31000 TOULOUSE,31000,TOULOUSE,31,,,,751484858,96.02B
Coiffure,STAR MAX,2012-04-04,14 RUE DES ORFEVRES 80000 AMIENS,80000,AMIENS,80,,,,750850422,96.02A
Coiffure,SARL GUEDON & LE ROY (UN GARS & UNE FILLE) (UN GARS & UNE FILLE),2012-03-20,572 COURS DE LA LIBERATION 33400 TALENCE,33400,TALENCE,33,,,,750303117,96.02A
"Entretien corporel (spa, hammam...)",SO SUN,2012-02-02,14 RUE DE LA BASTIDE 95800 CERGY,95800,CERGY,95,,,,539859330,96.04Z
"Entretien corporel (spa, hammam...)",SOCIETE PUBLIQUE LOCALE D'EXPLOITATION DES THERMES DE BALARUC LES BAINS,2012-01-01,1 RUE DU MONT SAINT CLAIR 34540 BALARUC-LES-BAINS,34540,BALARUC-LES-BAINS,34,,,,538457847,96.04Z
"Entretien corporel (spa, hammam...)",BRUNO ANGELETTI (BRUNO MASSAGE),2011-12-21,111 ALLEE DES MOINEAUX 83600 FREJUS,83600,FREJUS,83,,,,539310029,96.04Z
Coiffure,RB DEVELOPPEMENT,2011-11-04,83 BOULEVARD DE LA LIBERTE 59800 LILLE,59800,LILLE,59,,,,537691693,96.02A
"Entretien corporel (spa, hammam...)",DEEP NATURE SPA,2011-10-24,VALLEE CHAMONIX MONT BLANC 1000 ROUTE DES CHAVANTS 74310 LES HOUCHES,74310,LES HOUCHES,74,,,,537517542,96.04Z
"Entretien corporel (spa, hammam...)",DEEP NATURE RIVIERA,2011-10-07,VALLEE DE CHAMONIX-MONT-BLANC 1000 ROUTE DES CHAVANTS 74310 LES HOUCHES,74310,LES HOUCHES,74,,,,537534208,96.04Z
"Entretien corporel (spa, hammam...)",CARPEDIEM&BOS (JCLEAN) (C&B),2011-10-01,7 RUE VELLONNE 52400 BOURBONNE-LES-BAINS,52400,BOURBONNE-LES-BAINS,52,,,,538512542,96.04Z
Soins de beauté / esthétique,STAREVER,2011-09-22,8 RUE BAUDIN 26000 VALENCE,26000,VALENCE,26,,,,535299010,96.02B
"Entretien corporel (spa, hammam...)",SABINE BOURDON,2011-07-06,14 CHEMIN HENRI CREPU 97412 BRAS-PANON,97412,BRAS-PANON,974,,,,533683116,96.04Z
Coiffure,B BUBBLE SUD,2011-07-01,9 RUE BISCORNET 75012 PARIS,75012,PARIS,75,,,,534427307,96.02A
Soins de beauté / esthétique,DIVA NAILZ,2011-05-20,3 AVENUE LOUIS PASTEUR 78310 MAUREPAS,78310,MAUREPAS,78,,,,532519980,96.02B
Soins de beauté / esthétique,D P M J (LES PETITS SOINS),2011-05-19,30 RUE DE VARENNE 75007 PARIS,75007,PARIS,75,,,,532636487,96.02B
Soins de beauté / esthétique,FRAMBOISE,2011-05-09,3 PLACE MERCADIEU 31600 MURET,31600,MURET,31,,,,532436789,96.02B
Coiffure,JEAN LOUIS DAVID SALONS,2011-05-01,104 AV CHARLES DE GAULLE 92200 NEUILLY-SUR-SEINE,92200,NEUILLY-SUR-SEINE,92,,,,532579646,96.02A
Soins de beauté / esthétique,ADS BX (L'ATELIER DU SOURCIL),2011-02-01,8 RUE HUGUERIE 33000 BORDEAUX,33000,BORDEAUX,33,,,,530327717,96.02B
"Entretien corporel (spa, hammam...)",MALIKA KOLDER,2011-01-02,1 CHEMIN DE LA CITERNAY 10200 LIGNOL-LE-CHATEAU,10200,LIGNOL-LE-CHATEAU,10,,,,528864523,96.04Z
"Entretien corporel (spa, hammam...)",DEEP NATURE LODGE,2011-01-01,1000 ROUTE DES CHAVANTS 74310 LES HOUCHES,74310,LES HOUCHES,74,,,,521507384,96.04Z
"Entretien corporel (spa, hammam...)",CORINNE BOURDIN,2010-12-16,ENTREE A 9 B RUE DE LA MADELEINE 70300 LUXEUIL-LES-BAINS,70300,LUXEUIL-LES-BAINS,70,,,,795380013,96.04Z
"Entretien corporel (spa, hammam...)",DEEP NATURE MARSEILLE,2010-10-20,VALLEE DE CHAMONIX-MONT-BLANC 1000 ROUTE DES CHAVANTS 74310 LES HOUCHES,74310,LES HOUCHES,74,,,,528145808,96.04Z
Soins de beauté / esthétique,AMASSA,2010-06-22,56 AVENUE D'ALTKIRCH 68100 MULHOUSE,68100,MULHOUSE,68,,,,523910438,96.02B
Soins de beauté / esthétique,BODY SPHERE,2010-04-06,14 RUE MARCEL PORTE 38100 GRENOBLE,38100,GRENOBLE,38,,,,521546218,96.02B
Soins de beauté / esthétique,JULIE LECLUZE (JL STUDIO BEAUTE),2010-04-02,41 AVENUE VICTOR DALBIEZ 66000 PERPIGNAN,66000,PERPIGNAN,66,,,,524171196,96.02B
Soins de beauté / esthétique,THI UYEN UYEN NGUYEN (ONGLES MODEL'S),2010-04-01,16 RUE DU VIEUX MARCHE AUX VINS 67000 STRASBOURG,67000,STRASBOURG,67,,,,524025962,96.02B
"Entretien corporel (spa, hammam...)",DEEP NATURE MONT BLANC,2010-03-30,VALLEE CHAMONIX MONT BLANC 1000 ROUTE DES CHAVANTS 74310 LES HOUCHES,74310,LES HOUCHES,74,,,,521758854,96.04Z
Soins de beauté / esthétique,CHLOE BARROT,2010-03-26,APPARTEMENT 3 3 RUE REPUBLIQUE 84420 PIOLENC,84420,PIOLENC,84,,,,521150334,96.02B
"Entretien corporel (spa, hammam...)",AEQUILIBRIS SARL (NUTRI 5),2010-02-16,11 RUE SAUSSAIE EN MI TERRE 57130 JOUY-AUX-ARCHES,57130,JOUY-AUX-ARCHES,57,,,,520324906,96.04Z
Soins de beauté / esthétique,PERLE DE BEAUTE,2009-12-03,BT D RES LES TERRASSES DE FONTANONE 20200 VILLE-DI-PIETRABUGNO,20200,VILLE-DI-PIETRABUGNO,2B,,,,518809082,96.02B
"Entretien corporel (spa, hammam...)",NATHALIE BLANC,2009-10-01,7 RUE PIERRE DE COUBERTIN 17440 AYTRE,17440,AYTRE,17,,,,515194355,96.04Z
Soins de beauté / esthétique,BEATRICE JEANMOTTE (PINCHON) (RE ATTITUDE),2009-08-06,21 RUE DES CHARITAINS 17410 SAINT-MARTIN-DE-RE,17410,SAINT-MARTIN-DE-RE,17,,,,514173574,96.02B
Soins de beauté / esthétique,AMARA COLLECTION,2009-07-01,28/1 28 GRAND PLACE 59100 ROUBAIX,59100,ROUBAIX,59,,,,512665514,96.02B
Soins de beauté / esthétique,ISABELLE ZENNS (ONGLES PASSION),2009-07-01,14 B RUE NOEDIC 56190 MUZILLAC,56190,MUZILLAC,56,,,,513683722,96.02B
Soins de beauté / esthétique,ALLISON SANDERS (CASEY),2009-07-01,LE PONT DE VINADE 16720 SAINT-MEME-LES-CARRIERES,16720,SAINT-MEME-LES-CARRIERES,16,,,,513708545,96.02B
Soins de beauté / esthétique,LE BOUDOIR DU REGARD,2009-06-10,30 RUE MONTROSIER 92200 NEUILLY-SUR-SEINE,92200,NEUILLY-SUR-SEINE,92,,,,512986993,96.02B
Coiffure,AMANDINE GIRAUD (RIGAUD),2009-06-01,5 BOULEVARD PASTEUR 17390 LA TREMBLADE,17390,LA TREMBLADE,17,,,,512634718,96.02A
Soins de beauté / esthétique,VERONIQUE FERRARO (LAURENT) (VERO ESTHETIC),2009-05-14,LA BRETAGNE 22 CHEMIN DU BOIS DE SENTEUR 97490 SAINT-DENIS,97490,SAINT-DENIS,974,,,,512449331,96.02B
"Entretien corporel (spa, hammam...)",SUN ATTITUDE,2009-05-01,97 BOULEVARD EMILE BASLY 62300 LENS,62300,LENS,62,,,,511711103,96.04Z
Soins de beauté / esthétique,AURELIE BONIN (GUILLEMIN),2009-02-10,65 RTE DE PARIS 71530 CHAMPFORGEUIL,71530,CHAMPFORGEUIL,71,,,,509996799,96.02B
"Entretien corporel (spa, hammam...)",COM.SPA,2009-02-05,38 RUE DE BERRI 75008 PARIS,75008,PARIS,75,,,,511724767,96.04Z
Coiffure,BY19,2009-01-01,210 RUE LEONCE BOURLIAGUET 19360 MALEMORT,19360,MALEMORT,19,,,,509950374,96.02A
Soins de beauté / esthétique,ROSELYNE DUFOUR (MEMIN),2009-01-01,34 RUE DES TILLEULS 17530 ARVERT,17530,ARVERT,17,,,,509663498,96.02B
"Entretien corporel (spa, hammam...)",SOLENN TALLEC,2009-01-01,8 RUE DE TREZELAN 22140 BEGARD,22140,BEGARD,22,,,,530427137,96.04Z
Soins de beauté / esthétique,ONGLE ET BEAUTE (QUICK EPIL),2008-12-01,18 AVENUE DE LA REPUBLIQUE 68000 COLMAR,68000,COLMAR,68,,,,509465290,96.02B
Coiffure,M.C.V.,2008-10-30,2615 C ROUTE DE VIGNARNAUD 82000 MONTAUBAN,82000,MONTAUBAN,82,,,,509140018,96.02A
Soins de beauté / esthétique,NACIMA SAIGHI (ADAFER) (MAKEUPSARAH),2008-10-30,4 AVENUE VICTOR HUGO 91860 EPINAY-SOUS-SENART,91860,EPINAY-SOUS-SENART,91,,,,509029948,96.02B
Soins de beauté / esthétique,ANNECY PAPILLON,2008-10-14,2 AV DU PONT NEUF 74000 ANNECY,74000,ANNECY,74,,,,508579158,96.02B
"Entretien corporel (spa, hammam...)",VIP RELAXATION,2008-09-16,72 AVENUE JEAN LOLIVE 93500 PANTIN,93500,PANTIN,93,,,,508163854,96.04Z
Coiffure,C.E.L COIFF,2008-09-08,46 BOULEVARD PARDIGON 13004 MARSEILLE,13004,MARSEILLE,13,,,,507950517,96.02A
Coiffure,MAJYS,2008-09-01,CHEZ ETS CHARLES CHABAUD ET CIE 13 BOULEVARD MONTFLEURY 06400 CANNES,06400,CANNES,06,,,,507734085,96.02A
"Entretien corporel (spa, hammam...)",OLIVIER LELIEVRE,2008-09-01,146 BOULEVARD DE CHANZY 93100 MONTREUIL,93100,MONTREUIL,93,,,,508209251,96.04Z
Soins de beauté / esthétique,RUN EPIL SAINT-GILLES,2008-05-19,RESIDENCE DU THEATRE PORTE 2 BAT. B 20 RUE DE LA CHEMINEE 97434 SAINT-PAUL,97434,SAINT-PAUL,974,,,,504478488,96.02B
"Entretien corporel (spa, hammam...)",GENESIA,2008-03-20,11 RUE SAUSSAIE EN MI TERRE 57130 JOUY-AUX-ARCHES,57130,JOUY-AUX-ARCHES,57,,,,502571797,96.04Z
"Entretien corporel (spa, hammam...)",NO STRESS BEAUVAIS,2008-03-05,ESPACE ST QUENTIN RUE DES FILATURES 60000 BEAUVAIS,60000,BEAUVAIS,60,,,,503853897,96.04Z
Coiffure,SC 5,2008-01-01,11 RUE DE BOSTON 67000 STRASBOURG,67000,STRASBOURG,67,,,,502576275,96.02A
Coiffure,DIAGONAL SABBATINI,2007-11-26,24 A RUE DES ORMES 54800 JARNY,54800,JARNY,54,,,,501440473,96.02A
Soins de beauté / esthétique,INSTITUT JERODIA,2007-11-20,121 CHEMIN DE LA PORTETTE 46090 MERCUES,46090,MERCUES,46,,,,501123251,96.02B
"Entretien corporel (spa, hammam...)",IDG BULGARIE,2007-07-28,17 RUE GRAF IGNATIEV VARNA BULGARIE,,,,,,,499887354,96.04Z
"Entretien corporel (spa, hammam...)",ALIP (DERMO ACADEMIE),2007-07-01,10 PLACE DU COMMERCE 84300 CAVAILLON,84300,CAVAILLON,84,,,,498274992,96.04Z
"Entretien corporel (spa, hammam...)",NUXE SPA,2007-04-02,127 RUE D'AGUESSEAU 92100 BOULOGNE-BILLANCOURT,92100,BOULOGNE-BILLANCOURT,92,,,,497883587,96.04Z
"Entretien corporel (spa, hammam...)",KARINE PELLICIER (HEPP),2006-12-21,CHEMIN DE LA CHAPELLE 73300 ALBIEZ-MONTROND,73300,ALBIEZ-MONTROND,73,,,,501259568,96.04Z
Soins de beauté / esthétique,NADEGE HAMEILLON MACHADO (HAMEILLON),2006-12-01,11 RUE DE RENNES 44119 TREILLIERES,44119,TREILLIERES,44,,,,492676630,96.02B
Soins de beauté / esthétique,SOFT EPIL (SOFT EPIL),2006-10-16,24 RUE MURILLO 75008 PARIS,75008,PARIS,75,,,,492181854,96.02B
"Entretien corporel (spa, hammam...)",MAGGY ROUE,2006-09-18,16 LES JAROSSES 87150 CHAMPAGNAC-LA-RIVIERE,87150,CHAMPAGNAC-LA-RIVIERE,87,,,,491915419,96.04Z
"Entretien corporel (spa, hammam...)",LE SPA DES NEIGES,2006-08-04,51 RUE DU SLALOM 73440 LES BELLEVILLE,73440,LES BELLEVILLE,73,,,,491741823,96.04Z
Soins de beauté / esthétique,ACTION BEAUTE,2006-04-01,43 RUE DE SAINT-CYR 69009 LYON,69009,LYON,69,,,,489356691,96.02B
"Entretien corporel (spa, hammam...)",NATHALIE MAZIN (LEDUC),2006-03-25,MOUZAC 13 RUE DU MOULIN 44350 GUERANDE,44350,GUERANDE,44,,,,489861534,96.04Z
Soins de beauté / esthétique,ARGEMA,2006-03-01,19 RUE PAUL VERLAINE 69100 VILLEURBANNE,69100,VILLEURBANNE,69,,,,489134825,96.02B
Coiffure,LORRAINE COIFFURE,2006-02-01,10 AVENUE DE LA GARE 54290 BAYON,54290,BAYON,54,,,,480898006,96.02A
Coiffure,NEW LINE,2005-10-01,MBE BAL NUMERO 297 401 AVENUE DE TOULOUSE 82000 MONTAUBAN,82000,MONTAUBAN,82,,,,484546999,96.02A
Soins de beauté / esthétique,DELPHINE CAPALDI (HOPIN),2005-04-09,PORTE N 3 47 RUE SUAREZ 73200 ALBERTVILLE,73200,ALBERTVILLE,73,,,,481674034,96.02B
"Entretien corporel (spa, hammam...)",SARL LAETITIA ET JEAN LAUNEY,2005-01-18,MAS DU CAP DEL ROC 09230 MONTARDIT,09230,MONTARDIT,09,,,,480640622,96.04Z
Coiffure,LES GARCONS COIFFEURS,2004-08-01,54 RUE DE VESOUL 25000 BESANCON,25000,BESANCON,25,,,,478378250,96.02A
Soins de beauté / esthétique,DOMERA COSMETIQUE,2004-04-13,23 RUE URBAIN IV 10000 TROYES,10000,TROYES,10,,,,453104655,96.02B
Soins de beauté / esthétique,IL ETAIT UNE FOIS UN ONGLE,2004-04-01,IMPASSE DE LA PLACE 01150 VILLEBOIS,01150,VILLEBOIS,01,,,,453230294,96.02B
Coiffure,EMBOISE (ERIC STIPA),2004-03-08,44 BOULEVARD HEURTELOUP 37000 TOURS,37000,TOURS,37,,,,452725773,96.02A
"Entretien corporel (spa, hammam...)",ZEIN (ZEIN),2004-01-20,7 RUE DU CHEMIN DE FER 59100 ROUBAIX,59100,ROUBAIX,59,,,,451961403,96.04Z
"Entretien corporel (spa, hammam...)",JEAN-PIERRE POURTAU,2004-01-01,8 RUE DES DEUX GARES 75010 PARIS,75010,PARIS,75,,,,482935517,96.04Z
Coiffure,JOHANNA,2003-12-01,28 BOULEVARD DE L'UNIVERSITE 21000 DIJON,21000,DIJON,21,,,,450674668,96.02A
"Entretien corporel (spa, hammam...)",BAN SABAI (BAN SABAI),2003-10-15,12 RUE DE LESDIGUIERES 75004 PARIS,75004,PARIS,75,,,,450496906,96.04Z
Coiffure,INAIS,2003-09-12,ZAC COTE SOLEIL AVENUE ROBERT GOURDON 30600 VAUVERT,30600,VAUVERT,30,,,,449993385,96.02A
Coiffure,SARL SARRAILH,2003-09-01,21 RUE DES CORDELIERS 64000 PAU,64000,PAU,64,,,,449926195,96.02A
Coiffure,N.J.A,2003-08-26,11 RUE DU FAUBOURG SAINT PIERRE 03100 MONTLUCON,03100,MONTLUCON,03,,,,449722933,96.02A
Soins de beauté / esthétique,BODY ILES (BODY ILES),2002-11-13,64 RUE VICTOR HUGO 97200 FORT-DE-FRANCE,97200,FORT-DE-FRANCE,972,,,,443976352,96.02B
Coiffure,SARL MAXIME,2002-09-20,14 RUE DES ORFEVRES 80000 AMIENS,80000,AMIENS,80,,,,443566617,96.02A
Coiffure,OMORPHIA,2002-06-03,9 RUE DU LOUVRE 75001 PARIS,75001,PARIS,75,,,,442201489,96.02A
Coiffure,JEAN-CHRISTOPHE TRAVERSI,2002-04-02,29 RUE BEDARRIDES 13100 AIX-EN-PROVENCE,13100,AIX-EN-PROVENCE,13,,,,441151586,96.02A
Coiffure,JFLVB,2001-12-31,LE GRAND RODEZ - BAT. B 60 ROUTE D'ESPALION 12850 ONET-LE-CHATEAU,12850,ONET-LE-CHATEAU,12,,,,441591856,96.02A
Coiffure,PASCAL COSTE COIFFURE,2001-11-17,MBE BAL NUMERO 297 401 AVENUE DE TOULOUSE 82000 MONTAUBAN,82000,MONTAUBAN,82,,,,440339471,96.02A
Coiffure,SARL EVAGOR,2001-06-05,6 RUE DIDEROT 62223 SAINT-LAURENT-BLANGY,62223,SAINT-LAURENT-BLANGY,62,,,,438048506,96.02A
Coiffure,PHILIPPE CHAREYRON,2001-05-02,32 RUE MARECHAL FOCH 01000 BOURG-EN-BRESSE,01000,BOURG-EN-BRESSE,01,,,,437991995,96.02A
Coiffure,PC COIFFURE,2001-03-27,596 BOULEVARD ALBERT CAMUS 69400 VILLEFRANCHE-SUR-SAONE,69400,VILLEFRANCHE-SUR-SAONE,69,,,,435144472,96.02A
Coiffure,ELEXIA,2001-03-15,104 AVENUE CHARLES DE GAULLE 92200 NEUILLY-SUR-SEINE,92200,NEUILLY-SUR-SEINE,92,,,,435329255,96.02A
Coiffure,DIMINUTIF,2001-02-01,BOULEVARD DE LINZ 44210 PORNIC,44210,PORNIC,44,,,,434488854,96.02A
Coiffure,ARMAKE (SHAMPOO),2000-11-01,6 ALLEE DES JONQUILLES 74100 VETRAZ-MONTHOUX,74100,VETRAZ-MONTHOUX,74,,,,433448289,96.02A
"Entretien corporel (spa, hammam...)",LINEA B,2000-09-01,29 RUE OSCAR ROTY 75015 PARIS,75015,PARIS,75,,,,432428837,96.04Z
"Entretien corporel (spa, hammam...)",FRANCK MICHEL,2000-07-01,6 RUE DE LA JORANDIERE 18100 SAINT-GEORGES-SUR-LA-PREE,18100,SAINT-GEORGES-SUR-LA-PREE,18,,,,433001682,96.04Z
Coiffure,ECO COIFF'DIFFUSION,2000-04-10,100 BOULEVARD LAFAYETTE 62100 CALAIS,62100,CALAIS,62,,,,430410142,96.02A
Coiffure,J.L.C.I,2000-03-17,1 AVENUE DE LA MARNE 59290 WASQUEHAL,59290,WASQUEHAL,59,,,,429932130,96.02A
Coiffure,M C V,2000-01-25,69 RUE DE LA BARRE 76200 DIEPPE,76200,DIEPPE,76,,,,429571433,96.02A
Soins de beauté / esthétique,PILE POIL,1999-12-01,LOTISSEMENT RAMEDACE GONDEAU 31 ALLEE DES BOUGAINVILLIERS 97212 SAINT-JOSEPH,97212,SAINT-JOSEPH,972,,,,424926764,96.02B
Coiffure,THE BARBER COMPANY SALONS,1999-11-16,104 AVENUE CHARLES DE GAULLE 92200 NEUILLY-SUR-SEINE,92200,NEUILLY-SUR-SEINE,92,,,,425119617,96.02A
Soins de beauté / esthétique,VIRGINIE BOUCHART,1999-07-12,99 GRANDE RUE 50530 SARTILLY-BAIE-BOCAGE,50530,SARTILLY-BAIE-BOCAGE,50,,,,423767904,96.02B
Coiffure,SA DSL FINANCES,1999-04-30,104 AVENUE CHARLES DE GAULLE 92200 NEUILLY-SUR-SEINE,92200,NEUILLY-SUR-SEINE,92,,,,422907584,96.02A
"Entretien corporel (spa, hammam...)",FANNY SOUNSSI,1999-04-05,ROUTE DE LA TURBALLE 44350 GUERANDE,44350,GUERANDE,44,,,,422678284,96.04Z
Coiffure,COIFF & CO SALONS,1998-09-25,104 AVENUE CHARLES DE GAULLE 92200 NEUILLY-SUR-SEINE,92200,NEUILLY-SUR-SEINE,92,,,,420278723,96.02A
Soins de beauté / esthétique,SOGEDIS,1998-05-29,10 AVENUE ALSACE LORRAINE 38000 GRENOBLE,38000,GRENOBLE,38,,,,419105986,96.02B
"Entretien corporel (spa, hammam...)",HEALTH FORM COMPANY,1997-07-15,CHEZ ACCESS 3 RUE DE TEHERAN 75008 PARIS,75008,PARIS,75,,,,414372284,96.04Z
Soins de beauté / esthétique,DAVID WATIN,1997-06-01,265 RUE JULES BARNI 80000 AMIENS,80000,AMIENS,80,,,,411122740,96.02B
Soins de beauté / esthétique,JCDA,1997-05-09,4 RUE DE SEZE 75009 PARIS,75009,PARIS,75,,,,413281494,96.02B
Soins de beauté / esthétique,SOPHIE TEIXEIRA (DOUJON) (L'ONGLERIE DE SOPHIE),1997-04-18,18 RUE GUDIN 45200 MONTARGIS,45200,MONTARGIS,45,,,,411765001,96.02B
"Entretien corporel (spa, hammam...)",LORENE GIRARD,1997-03-18,15 RUE DES BARRIS 24570 CONDAT-SUR-VEZERE,24570,CONDAT-SUR-VEZERE,24,,,,411413891,96.04Z
Soins de beauté / esthétique,FREDERIC FAGOT,1997-02-10,15 C AVENUE DE GENEVE 74160 SAINT-JULIEN-EN-GENEVOIS,74160,SAINT-JULIEN-EN-GENEVOIS,74,,,,411150188,96.02B
Coiffure,B'COIF,1997-01-28,111 AVENUE GENERAL LECLERC 54000 NANCY,54000,NANCY,54,,,,411262439,96.02A
Coiffure,M'COIF,1997-01-28,GALERIE MARCHANDE LD MAISON ROUGE 57100 MANOM,57100,MANOM,57,,,,411426554,96.02A
Coiffure,G4L,1997-01-02,44 BOULEVARD HEURTELOUP 37000 TOURS,37000,TOURS,37,,,,411692940,96.02A
"Entretien corporel (spa, hammam...)",ELISABETH GEORGOPOULOS (FREDJ),1996-10-03,257 CHEMIN DES TUILIERES 06220 VALLAURIS,06220,VALLAURIS,06,,,,409552247,96.04Z
Coiffure,TIBET SARL,1996-07-10,1 AVENUE DE LA MARNE 59290 WASQUEHAL,59290,WASQUEHAL,59,,,,408533396,96.02A
Coiffure,DIAG'DIJON (COIFFURE MIXTE),1996-06-07,55 RUE CHABOT CHARNY 21000 DIJON,21000,DIJON,21,,,,407653468,96.02A
Coiffure,PATRICK SAUBAL COIFFURE,1995-06-23,PARC AVENUE BATIMENT E 596 BOULEVARD ALBERT CAMUS 69400 VILLEFRANCHE-SUR-SAONE,69400,VILLEFRANCHE-SUR-SAONE,69,,,,401441225,96.02A
Coiffure,FRANCK PROVOST SALONS,1995-01-01,104 AVENUE CHARLES DE GAULLE 92200 NEUILLY-SUR-SEINE,92200,NEUILLY-SUR-SEINE,92,,,,402262752,96.02A
"Entretien corporel (spa, hammam...)",PAULETTE TABI NGA MVONDO,1994-07-01,58 RUE DES JARDINIERS 67000 STRASBOURG,67000,STRASBOURG,67,,,,398650135,96.04Z
Soins de beauté / esthétique,CATHERINE KUJAWA (FRAIX),1994-03-22,LD LE SAUVAY 11 CHEMIN DE LA CHARRETTE 73200 ALBERTVILLE,73200,ALBERTVILLE,73,,,,394496681,96.02B
"Entretien corporel (spa, hammam...)",SOCIETE THERMALE D'AX LES THERMES,1994-01-06,LES THERMES DU TEICH 2 AVENUE ALBERT DURANDEAU 09110 AX-LES-THERMES,09110,AX-LES-THERMES,09,,,,393505359,96.04Z
"Entretien corporel (spa, hammam...)",SEMETHERM DEVELOPPEMENT,1992-12-11,ETABLISSEMENT THERMAL PLACE DES THERMES 65200 BAGNERES-DE-BIGORRE,65200,BAGNERES-DE-BIGORRE,65,,,,390206019,96.04Z
"Entretien corporel (spa, hammam...)",SOCIETE ANONYME HOTELIERE DES ROULIERS SENLISIENS (SHRS),1992-12-10,16 RUE BLAISE PASCAL 17180 PERIGNY,17180,PERIGNY,17,,,,389409491,96.04Z
Soins de beauté / esthétique,C.G. MULLER,1992-04-01,53 CLOS DES LILAS 57155 MARLY,57155,MARLY,57,,,,385360821,96.02B
Coiffure,SAS  ZINGRAFF,1991-11-19,10 AVENUE DE LA GARE 54290 BAYON,54290,BAYON,54,,,,383579687,96.02A
Soins de beauté / esthétique,AMICO UNIFOR (JEAN LOUIS DAVID),1991-03-22,35 AVENUE ALSACE LORRAINE 38000 GRENOBLE,38000,GRENOBLE,38,,,,381419407,96.02B
"Entretien corporel (spa, hammam...)",SOCIETE DES ETABLISSEMENTS THERMAUX DE BRIDES LES BAINS ET SALINS LES THERMES (SET BRIDES),1989-03-28,RUE ETABLISSEMENT THERMAL 73570 BRIDES-LES-BAINS,73570,BRIDES-LES-BAINS,73,,,,350359642,96.04Z
Coiffure,SOREFICO,1989-03-10,104 AVENUE CHARLES DE GAULLE 92200 NEUILLY-SUR-SEINE,92200,NEUILLY-SUR-SEINE,92,,,,350037982,96.02A
Coiffure,SARL EUROSTYL,1988-03-10,621 RUE EMILE ZOLA 59286 ROOST-WARENDIN,59286,ROOST-WARENDIN,59,,,,344537444,96.02A
"Entretien corporel (spa, hammam...)",ESNAULT FINANCES,1988-03-01,17 RUE DES BICHES 91330 YERRES,91330,YERRES,91,,,,344240189,96.04Z
Coiffure,CARPY SAS,1987-11-25,20 RUE NATIONALE 37000 TOURS,37000,TOURS,37,,,,342980737,96.02A
Coiffure,CHIC EXTERIEUR,1987-10-15,14 RUE DES ORFEVRES 80000 AMIENS,80000,AMIENS,80,,,,342920204,96.02A
Coiffure,MAX'S EXTERIEUR,1987-04-01,14 RUE DES ORFEVRES 80000 AMIENS,80000,AMIENS,80,,,,340482835,96.02A
Coiffure,HAIR INTER,1986-07-01,5 AV CENTRE COMMERCIAL DE BEAULIEU 17138 PUILBOREAU,17138,PUILBOREAU,17,,,,338548068,96.02A
Coiffure,LA FAYETTE COIFFURE,1986-05-29,4 SQ FOCH 59000 LILLE,59000,LILLE,59,,,,337913792,96.02A
Soins de beauté / esthétique,MURIEL CASTELLA (TOURE),1984-05-02,5 RUE DU BOURGUET 31230 L'ISLE-EN-DODON,31230,L'ISLE-EN-DODON,31,,,,329749543,96.02B
"Entretien corporel (spa, hammam...)",CHAINE THERMALE DU SOLEIL,1984-03-20,31 AVENUE DE L'OPERA 75001 PARIS,75001,PARIS,75,,,,310968540,96.04Z
Soins de beauté / esthétique,LUCILE JOURSON,1983-08-03,LOT BEAUJEAN 29 HAM SECTION MONTAUBAN 97190 LE GOSIER,97190,LE GOSIER,971,,,,329042055,96.02B
Coiffure,COIFFURE CAMILLE,1983-03-28,25 RUE DE L'EGLISE 57520 GROSBLIEDERSTROFF,57520,GROSBLIEDERSTROFF,57,,,,326714771,96.02A
Coiffure,CHIC AMIENS,1982-12-01,14 RUE DES ORFEVRES 80000 AMIENS,80000,AMIENS,80,,,,326102910,96.02A
Soins de beauté / esthétique,L'ONGLERIE,1981-01-01,40 AVENUE FERDINAND DE LESSEPS 33610 CANEJAN,33610,CANEJAN,33,,,,327684205,96.02B
Coiffure,MANIATIS SALONS,1978-01-03,104 AVENUE CHARLES DE GAULLE 92200 NEUILLY-SUR-SEINE,92200,NEUILLY-SUR-SEINE,92,,,,312452675,96.02A
Coiffure,ROSE WILK (POREL),1977-01-01,9 PLACE ROBERT SCHUMAN 57365 ENNERY,57365,ENNERY,57,,,,305076747,96.02A
Coiffure,SOC EXPLOITATION KOEHLER,1975-01-01,(25C) 25 RUE DE LA SABLIERE 67590 SCHWEIGHOUSE-SUR-MODER,67590,SCHWEIGHOUSE-SUR-MODER,67,,,,323781880,96.02A
"Entretien corporel (spa, hammam...)",THALAMER,1975-01-01,6 A 8 COURCOURONNES 6 RUE DU BOIS BRIARD 91000 EVRY-COURCOURONNES,91000,EVRY-COURCOURONNES,91,,,,303890602,96.04Z
"Entretien corporel (spa, hammam...)",SA THERMES DE BOURBON L ARCHAMBAULT,1975-01-01,31 AVENUE DE L'OPERA 75001 PARIS,75001,PARIS,75,,,,935750778,96.04Z
Coiffure,LUCIE SAINT CLAIR PARIS,1973-01-01,23 RUE DU ROULE 75001 PARIS,75001,PARIS,75,,,,323056515,96.02A
Coiffure,HAIR 2000,1971-01-01,LE RIVER BAT 11 11 BOULEVARD GEORGES MELIES 94350 VILLIERS-SUR-MARNE,94350,VILLIERS-SUR-MARNE,94,,,,712003623,96.02A
Coiffure,JEAN BRUNET,1969-01-01,CTRE COMM DE LA CHESNAIS AV DU 8 MAI 49130 LES PONTS-DE-CE,49130,LES PONTS-DE-CE,49,,,,786188268,96.02A
Coiffure,JEANINE DELACOURT (DIERICK),1963-01-01,40 AVENUE TRISTAN KLINGSOR 60650 LACHAPELLE-AUX-POTS,60650,LACHAPELLE-AUX-POTS,60,,,,526611223,96.02A
Coiffure,LIONEL LEBON,1963-01-01,GALERIE MARCHANDE CEDICO AVENUE DES ALLIES 62370 AUDRUICQ,62370,AUDRUICQ,62,,,,325235869,96.02A
"Entretien corporel (spa, hammam...)",SET ALLEVARD (THERMES D ALLEVARD ET RESIDENCE DES THERMES),1955-01-01,6 AVENUE DES BAINS 38580 ALLEVARD,38580,ALLEVARD,38,,,,552002164,96.04Z
"Entretien corporel (spa, hammam...)",CIE FERMIERE ETS THERMAL DU MONT DORE,1954-01-01,31 AVENUE DE L'OPERA 75002 PARIS,75002,PARIS,75,,,,542046677,96.04Z
